program,tipe,kode,dimensi,penjelasan,atribut,pernyataan,opsi_atau_skala
YES,Skala 0-4,Y-A1.1,Tangibles,"Bukti Fisik (Tangibles): Tampilan visual yang kasat mata, seperti fasilitas fisik, peralatan, kebersihan ruangan, dan kerapian karyawan",Seleksi Program,Persyaratan seleksi mudah dipahami dan dipenuhi,"{""kenyataan"": [""Tidak Mengetahui"",""Sangat Tidak Setuju"",""Tidak Setuju"",""Setuju"", ""Sangat Setuju""], ""harapan"":[""Tidak Mengetahui"",""Sangat Tidak Penting"",""Tidak Penting"",""Penting"",""Sangat Penting""]}"
YES,Skala 0-4,Y-A1.2,Tangibles,"Bukti Fisik (Tangibles): Tampilan visual yang kasat mata, seperti fasilitas fisik, peralatan, kebersihan ruangan, dan kerapian karyawan",Seleksi Program,Alur dan proses seleksi memiliki prosedur yang jelas,"{""kenyataan"": [""Tidak Mengetahui"",""Sangat Tidak Setuju"",""Tidak Setuju"",""Setuju"", ""Sangat Setuju""], ""harapan"":[""Tidak Mengetahui"",""Sangat Tidak Penting"",""Tidak Penting"",""Penting"",""Sangat Penting""]}"
YES,Skala 0-4,Y-T1.3,Tangibles,"Bukti Fisik (Tangibles): Tampilan visual yang kasat mata, seperti fasilitas fisik, peralatan, kebersihan ruangan, dan kerapian karyawan",Seleksi Program,Informasi seleksi mudah didapatkan,"{""kenyataan"": [""Tidak Mengetahui"",""Sangat Tidak Setuju"",""Tidak Setuju"",""Setuju"", ""Sangat Setuju""], ""harapan"":[""Tidak Mengetahui"",""Sangat Tidak Penting"",""Tidak Penting"",""Penting"",""Sangat Penting""]}"
YES,Skala 0-4,Y-T1.4,Tangibles,"Bukti Fisik (Tangibles): Tampilan visual yang kasat mata, seperti fasilitas fisik, peralatan, kebersihan ruangan, dan kerapian karyawan",Seleksi Program,Proses seleksi dilakukan secara adil dan transparan,"{""kenyataan"": [""Tidak Mengetahui"",""Sangat Tidak Setuju"",""Tidak Setuju"",""Setuju"", ""Sangat Setuju""], ""harapan"":[""Tidak Mengetahui"",""Sangat Tidak Penting"",""Tidak Penting"",""Penting"",""Sangat Penting""]}"
YES,Skala 0-4,Y-T1.5,Tangibles,"Bukti Fisik (Tangibles): Tampilan visual yang kasat mata, seperti fasilitas fisik, peralatan, kebersihan ruangan, dan kerapian karyawan",Pelaksanaan Kegiatan Intensif,Lokasi kegiatan mudah diakses,"{""kenyataan"": [""Tidak Mengetahui"",""Sangat Tidak Setuju"",""Tidak Setuju"",""Setuju"", ""Sangat Setuju""], ""harapan"":[""Tidak Mengetahui"",""Sangat Tidak Penting"",""Tidak Penting"",""Penting"",""Sangat Penting""]}"
YES,Skala 0-4,Y-T1.6,Tangibles,"Bukti Fisik (Tangibles): Tampilan visual yang kasat mata, seperti fasilitas fisik, peralatan, kebersihan ruangan, dan kerapian karyawan",Pelaksanaan Kegiatan Intensif,Tempat kegiatan nyaman,"{""kenyataan"": [""Tidak Mengetahui"",""Sangat Tidak Setuju"",""Tidak Setuju"",""Setuju"", ""Sangat Setuju""], ""harapan"":[""Tidak Mengetahui"",""Sangat Tidak Penting"",""Tidak Penting"",""Penting"",""Sangat Penting""]}"
YES,Skala 0-4,Y-R1.1,Reliability,"Keandalan (Reliability): Kemampuan perusahaan untuk memberikan pelayanan yang akurat, tepat waktu, dan dapat diandalkan sesuai dengan yang dijanjikan",Dukungan Aktivitas,Uang saku diberikan tepat waktu,"{""kenyataan"": [""Tidak Mengetahui"",""Sangat Tidak Setuju"",""Tidak Setuju"",""Setuju"", ""Sangat Setuju""], ""harapan"":[""Tidak Mengetahui"",""Sangat Tidak Penting"",""Tidak Penting"",""Penting"",""Sangat Penting""]}"
YES,Skala 0-4,Y-R1.2,Reliability,"Keandalan (Reliability): Kemampuan perusahaan untuk memberikan pelayanan yang akurat, tepat waktu, dan dapat diandalkan sesuai dengan yang dijanjikan",Dukungan Aktivitas,Besaran uang saku mencukupi kebutuhan pendidikan,"{""kenyataan"": [""Tidak Mengetahui"",""Sangat Tidak Setuju"",""Tidak Setuju"",""Setuju"", ""Sangat Setuju""], ""harapan"":[""Tidak Mengetahui"",""Sangat Tidak Penting"",""Tidak Penting"",""Penting"",""Sangat Penting""]}"
YES,Skala 0-4,Y-R1.3,Reliability,"Keandalan (Reliability): Kemampuan perusahaan untuk memberikan pelayanan yang akurat, tepat waktu, dan dapat diandalkan sesuai dengan yang dijanjikan",Dukungan Aktivitas,"Tools program (kaos, dll) mendukung identitas program ","{""kenyataan"": [""Tidak Mengetahui"",""Sangat Tidak Setuju"",""Tidak Setuju"",""Setuju"", ""Sangat Setuju""], ""harapan"":[""Tidak Mengetahui"",""Sangat Tidak Penting"",""Tidak Penting"",""Penting"",""Sangat Penting""]}"
YES,Skala 0-4,Y-R1.4,Reliability,"Keandalan (Reliability): Kemampuan perusahaan untuk memberikan pelayanan yang akurat, tepat waktu, dan dapat diandalkan sesuai dengan yang dijanjikan",Dukungan Aktivitas,Buku materi cukup sebagai referensi belajar,"{""kenyataan"": [""Tidak Mengetahui"",""Sangat Tidak Setuju"",""Tidak Setuju"",""Setuju"", ""Sangat Setuju""], ""harapan"":[""Tidak Mengetahui"",""Sangat Tidak Penting"",""Tidak Penting"",""Penting"",""Sangat Penting""]}"
YES,Skala 0-4,Y-R1.5,Reliability,"Keandalan (Reliability): Kemampuan perusahaan untuk memberikan pelayanan yang akurat, tepat waktu, dan dapat diandalkan sesuai dengan yang dijanjikan",Dukungan Aktivitas,Support biaya masuk PTN mencukupi,"{""kenyataan"": [""Tidak Mengetahui"",""Sangat Tidak Setuju"",""Tidak Setuju"",""Setuju"", ""Sangat Setuju""], ""harapan"":[""Tidak Mengetahui"",""Sangat Tidak Penting"",""Tidak Penting"",""Penting"",""Sangat Penting""]}"
YES,Skala 0-4,Y-R1.6,Reliability,"Keandalan (Reliability): Kemampuan perusahaan untuk memberikan pelayanan yang akurat, tepat waktu, dan dapat diandalkan sesuai dengan yang dijanjikan",Dukungan Aktivitas,"Support Prestasi Program memberikan dukungan untuk pengembangan prestasi (lomba, akademik/non-akademik) ","{""kenyataan"": [""Tidak Mengetahui"",""Sangat Tidak Setuju"",""Tidak Setuju"",""Setuju"", ""Sangat Setuju""], ""harapan"":[""Tidak Mengetahui"",""Sangat Tidak Penting"",""Tidak Penting"",""Penting"",""Sangat Penting""]}"
YES,Skala 0-4,Y-R2.1,Reliability,"Keandalan (Reliability): Kemampuan perusahaan untuk memberikan pelayanan yang akurat, tepat waktu, dan dapat diandalkan sesuai dengan yang dijanjikan",Kualitas Program Campus Preparation,Membantu saya memahami strategi masuk PTN,"{""kenyataan"": [""Tidak Mengetahui"",""Sangat Tidak Setuju"",""Tidak Setuju"",""Setuju"", ""Sangat Setuju""], ""harapan"":[""Tidak Mengetahui"",""Sangat Tidak Penting"",""Tidak Penting"",""Penting"",""Sangat Penting""]}"
YES,Skala 0-4,Y-R2.2,Reliability,"Keandalan (Reliability): Kemampuan perusahaan untuk memberikan pelayanan yang akurat, tepat waktu, dan dapat diandalkan sesuai dengan yang dijanjikan",Kualitas Program Campus Preparation,Membantu saya menentukan jurusan & kampus,"{""kenyataan"": [""Tidak Mengetahui"",""Sangat Tidak Setuju"",""Tidak Setuju"",""Setuju"", ""Sangat Setuju""], ""harapan"":[""Tidak Mengetahui"",""Sangat Tidak Penting"",""Tidak Penting"",""Penting"",""Sangat Penting""]}"
YES,Skala 0-4,Y-R2.3,Reliability,"Keandalan (Reliability): Kemampuan perusahaan untuk memberikan pelayanan yang akurat, tepat waktu, dan dapat diandalkan sesuai dengan yang dijanjikan",Kualitas Program Campus Preparation,Meningkatkan kemampuan mengerjakan soal seleksi,"{""kenyataan"": [""Tidak Mengetahui"",""Sangat Tidak Setuju"",""Tidak Setuju"",""Setuju"", ""Sangat Setuju""], ""harapan"":[""Tidak Mengetahui"",""Sangat Tidak Penting"",""Tidak Penting"",""Penting"",""Sangat Penting""]}"
YES,Skala 0-4,Y-R2.4,Reliability,"Keandalan (Reliability): Kemampuan perusahaan untuk memberikan pelayanan yang akurat, tepat waktu, dan dapat diandalkan sesuai dengan yang dijanjikan",Kualitas Program Campus Preparation,Memberikan gambaran kehidupan kampus,"{""kenyataan"": [""Tidak Mengetahui"",""Sangat Tidak Setuju"",""Tidak Setuju"",""Setuju"", ""Sangat Setuju""], ""harapan"":[""Tidak Mengetahui"",""Sangat Tidak Penting"",""Tidak Penting"",""Penting"",""Sangat Penting""]}"
YES,Skala 0-4,Y-R3.1,Reliability,"Keandalan (Reliability): Kemampuan perusahaan untuk memberikan pelayanan yang akurat, tepat waktu, dan dapat diandalkan sesuai dengan yang dijanjikan",Kualitas Program Quranic Mentorship,Meningkatkan kedekatan saya dengan Al-Qur’an,"{""kenyataan"": [""Tidak Mengetahui"",""Sangat Tidak Setuju"",""Tidak Setuju"",""Setuju"", ""Sangat Setuju""], ""harapan"":[""Tidak Mengetahui"",""Sangat Tidak Penting"",""Tidak Penting"",""Penting"",""Sangat Penting""]}"
YES,Skala 0-4,Y-R3.2,Reliability,"Keandalan (Reliability): Kemampuan perusahaan untuk memberikan pelayanan yang akurat, tepat waktu, dan dapat diandalkan sesuai dengan yang dijanjikan",Kualitas Program Quranic Mentorship,Meningkatkan kualitas ibadah saya,"{""kenyataan"": [""Tidak Mengetahui"",""Sangat Tidak Setuju"",""Tidak Setuju"",""Setuju"", ""Sangat Setuju""], ""harapan"":[""Tidak Mengetahui"",""Sangat Tidak Penting"",""Tidak Penting"",""Penting"",""Sangat Penting""]}"
YES,Skala 0-4,Y-R3.3,Reliability,"Keandalan (Reliability): Kemampuan perusahaan untuk memberikan pelayanan yang akurat, tepat waktu, dan dapat diandalkan sesuai dengan yang dijanjikan",Kualitas Program Quranic Mentorship,"Membantu saya memahami nilai kehidupan (akhlak, fiqih, sirah)","{""kenyataan"": [""Tidak Mengetahui"",""Sangat Tidak Setuju"",""Tidak Setuju"",""Setuju"", ""Sangat Setuju""], ""harapan"":[""Tidak Mengetahui"",""Sangat Tidak Penting"",""Tidak Penting"",""Penting"",""Sangat Penting""]}"
YES,Skala 0-4,Y-R3.4,Reliability,"Keandalan (Reliability): Kemampuan perusahaan untuk memberikan pelayanan yang akurat, tepat waktu, dan dapat diandalkan sesuai dengan yang dijanjikan",Kualitas Program Quranic Mentorship,Membantu saya menjadi pribadi yang lebih baik ,"{""kenyataan"": [""Tidak Mengetahui"",""Sangat Tidak Setuju"",""Tidak Setuju"",""Setuju"", ""Sangat Setuju""], ""harapan"":[""Tidak Mengetahui"",""Sangat Tidak Penting"",""Tidak Penting"",""Penting"",""Sangat Penting""]}"
YES,Skala 0-4,Y-R3.5,Reliability,"Keandalan (Reliability): Kemampuan perusahaan untuk memberikan pelayanan yang akurat, tepat waktu, dan dapat diandalkan sesuai dengan yang dijanjikan",Kualitas Program Quranic Mentorship,Meningkatan hafalan juz 30 saya,"{""kenyataan"": [""Tidak Mengetahui"",""Sangat Tidak Setuju"",""Tidak Setuju"",""Setuju"", ""Sangat Setuju""], ""harapan"":[""Tidak Mengetahui"",""Sangat Tidak Penting"",""Tidak Penting"",""Penting"",""Sangat Penting""]}"
YES,Skala 0-4,Y-R3.6,Reliability,"Keandalan (Reliability): Kemampuan perusahaan untuk memberikan pelayanan yang akurat, tepat waktu, dan dapat diandalkan sesuai dengan yang dijanjikan",Kualitas Program Quranic Mentorship,Meningkatkan  hafalan hadits saya,"{""kenyataan"": [""Tidak Mengetahui"",""Sangat Tidak Setuju"",""Tidak Setuju"",""Setuju"", ""Sangat Setuju""], ""harapan"":[""Tidak Mengetahui"",""Sangat Tidak Penting"",""Tidak Penting"",""Penting"",""Sangat Penting""]}"
YES,Skala 0-4,Y-R4.1,Reliability,"Keandalan (Reliability): Kemampuan perusahaan untuk memberikan pelayanan yang akurat, tepat waktu, dan dapat diandalkan sesuai dengan yang dijanjikan",Kualitas Program Leadership Booster,Kegiatan Ekselensia Leadership Camp (ELC) menarik untuk  diikuti,"{""kenyataan"": [""Tidak Mengetahui"",""Sangat Tidak Setuju"",""Tidak Setuju"",""Setuju"", ""Sangat Setuju""], ""harapan"":[""Tidak Mengetahui"",""Sangat Tidak Penting"",""Tidak Penting"",""Penting"",""Sangat Penting""]}"
YES,Skala 0-4,Y-R4.2,Reliability,"Keandalan (Reliability): Kemampuan perusahaan untuk memberikan pelayanan yang akurat, tepat waktu, dan dapat diandalkan sesuai dengan yang dijanjikan",Kualitas Program Leadership Booster,Kegiatan Ekselensia Leadership Camp (ELC) menumbuhkan jiwa kepemimpinan,"{""kenyataan"": [""Tidak Mengetahui"",""Sangat Tidak Setuju"",""Tidak Setuju"",""Setuju"", ""Sangat Setuju""], ""harapan"":[""Tidak Mengetahui"",""Sangat Tidak Penting"",""Tidak Penting"",""Penting"",""Sangat Penting""]}"
YES,Skala 0-4,Y-R4.3,Reliability,"Keandalan (Reliability): Kemampuan perusahaan untuk memberikan pelayanan yang akurat, tepat waktu, dan dapat diandalkan sesuai dengan yang dijanjikan",Kualitas Program Leadership Booster,Kegiatan Social Project atau YES Day Out menarik untuk diikuti,"{""kenyataan"": [""Tidak Mengetahui"",""Sangat Tidak Setuju"",""Tidak Setuju"",""Setuju"", ""Sangat Setuju""], ""harapan"":[""Tidak Mengetahui"",""Sangat Tidak Penting"",""Tidak Penting"",""Penting"",""Sangat Penting""]}"
YES,Skala 0-4,Y-R4.4,Reliability,"Keandalan (Reliability): Kemampuan perusahaan untuk memberikan pelayanan yang akurat, tepat waktu, dan dapat diandalkan sesuai dengan yang dijanjikan",Kualitas Program Leadership Booster,Social Project atau YES Day Out meningkatkan kepedulian sosial saya,"{""kenyataan"": [""Tidak Mengetahui"",""Sangat Tidak Setuju"",""Tidak Setuju"",""Setuju"", ""Sangat Setuju""], ""harapan"":[""Tidak Mengetahui"",""Sangat Tidak Penting"",""Tidak Penting"",""Penting"",""Sangat Penting""]}"
YES,Skala 0-4,Y-R4.5,Reliability,"Keandalan (Reliability): Kemampuan perusahaan untuk memberikan pelayanan yang akurat, tepat waktu, dan dapat diandalkan sesuai dengan yang dijanjikan",Kualitas Program Leadership Booster,Kegiatan Young Leadership Festival (Y-LF) menarik untuk diikuti,"{""kenyataan"": [""Tidak Mengetahui"",""Sangat Tidak Setuju"",""Tidak Setuju"",""Setuju"", ""Sangat Setuju""], ""harapan"":[""Tidak Mengetahui"",""Sangat Tidak Penting"",""Tidak Penting"",""Penting"",""Sangat Penting""]}"
YES,Skala 0-4,Y-R4.6,Reliability,"Keandalan (Reliability): Kemampuan perusahaan untuk memberikan pelayanan yang akurat, tepat waktu, dan dapat diandalkan sesuai dengan yang dijanjikan",Kualitas Program Leadership Booster,Kegiatan Young Leadership Festival (Y-LF) meningkatkan motivasi untuk berprestasi,"{""kenyataan"": [""Tidak Mengetahui"",""Sangat Tidak Setuju"",""Tidak Setuju"",""Setuju"", ""Sangat Setuju""], ""harapan"":[""Tidak Mengetahui"",""Sangat Tidak Penting"",""Tidak Penting"",""Penting"",""Sangat Penting""]}"
YES,Skala 0-4,Y-R5.1,Reliability,"Keandalan (Reliability): Kemampuan perusahaan untuk memberikan pelayanan yang akurat, tepat waktu, dan dapat diandalkan sesuai dengan yang dijanjikan",Kualitas Program TalentHub Class,TalentHub Class menarik untuk diikuti oleh saya,"{""kenyataan"": [""Tidak Mengetahui"",""Sangat Tidak Setuju"",""Tidak Setuju"",""Setuju"", ""Sangat Setuju""], ""harapan"":[""Tidak Mengetahui"",""Sangat Tidak Penting"",""Tidak Penting"",""Penting"",""Sangat Penting""]}"
YES,Skala 0-4,Y-R5.2,Reliability,"Keandalan (Reliability): Kemampuan perusahaan untuk memberikan pelayanan yang akurat, tepat waktu, dan dapat diandalkan sesuai dengan yang dijanjikan",Kualitas Program TalentHub Class,Materi TalentHub Class sesuai dengan minat dan potensi awardee,"{""kenyataan"": [""Tidak Mengetahui"",""Sangat Tidak Setuju"",""Tidak Setuju"",""Setuju"", ""Sangat Setuju""], ""harapan"":[""Tidak Mengetahui"",""Sangat Tidak Penting"",""Tidak Penting"",""Penting"",""Sangat Penting""]}"
YES,Skala 0-4,Y-R5.3,Reliability,"Keandalan (Reliability): Kemampuan perusahaan untuk memberikan pelayanan yang akurat, tepat waktu, dan dapat diandalkan sesuai dengan yang dijanjikan",Kualitas Program TalentHub Class,"TalentHub Class membantu mengembangkan skill spesifik (public speaking, design grafis, writing dan fotografi)","{""kenyataan"": [""Tidak Mengetahui"",""Sangat Tidak Setuju"",""Tidak Setuju"",""Setuju"", ""Sangat Setuju""], ""harapan"":[""Tidak Mengetahui"",""Sangat Tidak Penting"",""Tidak Penting"",""Penting"",""Sangat Penting""]}"
YES,Skala 0-4,Y-R5.4,Reliability,"Keandalan (Reliability): Kemampuan perusahaan untuk memberikan pelayanan yang akurat, tepat waktu, dan dapat diandalkan sesuai dengan yang dijanjikan",Kualitas Program TalentHub Class,Penyampaian materi TalentHub Class mudah dipahami,"{""kenyataan"": [""Tidak Mengetahui"",""Sangat Tidak Setuju"",""Tidak Setuju"",""Setuju"", ""Sangat Setuju""], ""harapan"":[""Tidak Mengetahui"",""Sangat Tidak Penting"",""Tidak Penting"",""Penting"",""Sangat Penting""]}"
YES,Skala 0-4,Y-R5.5,Reliability,"Keandalan (Reliability): Kemampuan perusahaan untuk memberikan pelayanan yang akurat, tepat waktu, dan dapat diandalkan sesuai dengan yang dijanjikan",Kualitas Program TalentHub Class,TalentHub Class memberikan pengalaman praktik (hands-on) yang bermanfaat,"{""kenyataan"": [""Tidak Mengetahui"",""Sangat Tidak Setuju"",""Tidak Setuju"",""Setuju"", ""Sangat Setuju""], ""harapan"":[""Tidak Mengetahui"",""Sangat Tidak Penting"",""Tidak Penting"",""Penting"",""Sangat Penting""]}"
YES,Skala 0-4,Y-R5.6,Reliability,"Keandalan (Reliability): Kemampuan perusahaan untuk memberikan pelayanan yang akurat, tepat waktu, dan dapat diandalkan sesuai dengan yang dijanjikan",Kualitas Program TalentHub Class,TalentHub Class meningkatkan kepercayaan diri dalam menunjukkan bakat,"{""kenyataan"": [""Tidak Mengetahui"",""Sangat Tidak Setuju"",""Tidak Setuju"",""Setuju"", ""Sangat Setuju""], ""harapan"":[""Tidak Mengetahui"",""Sangat Tidak Penting"",""Tidak Penting"",""Penting"",""Sangat Penting""]}"
YES,Skala 0-4,Y-R6.1,Reliability,"Keandalan (Reliability): Kemampuan perusahaan untuk memberikan pelayanan yang akurat, tepat waktu, dan dapat diandalkan sesuai dengan yang dijanjikan",Pelaksanaan Kegiatan Intensif,Jadwal kegiatan teratur,"{""kenyataan"": [""Tidak Mengetahui"",""Sangat Tidak Setuju"",""Tidak Setuju"",""Setuju"", ""Sangat Setuju""], ""harapan"":[""Tidak Mengetahui"",""Sangat Tidak Penting"",""Tidak Penting"",""Penting"",""Sangat Penting""]}"
YES,Skala 0-4,Y-R6.2,Reliability,"Keandalan (Reliability): Kemampuan perusahaan untuk memberikan pelayanan yang akurat, tepat waktu, dan dapat diandalkan sesuai dengan yang dijanjikan",Pelaksanaan Kegiatan Intensif,Metode pembelajaran menarik,"{""kenyataan"": [""Tidak Mengetahui"",""Sangat Tidak Setuju"",""Tidak Setuju"",""Setuju"", ""Sangat Setuju""], ""harapan"":[""Tidak Mengetahui"",""Sangat Tidak Penting"",""Tidak Penting"",""Penting"",""Sangat Penting""]}"
YES,Skala 0-4,Y-D1.1,Responsiveness,Daya Tanggap (Responsiveness): Kesediaan staf atau karyawan untuk membantu pelanggan dan memberikan layanan dengan cepat,Peran Mentor,Mentor mudah dihubungi saat dibutuhkan,"{""kenyataan"": [""Tidak Mengetahui"",""Sangat Tidak Setuju"",""Tidak Setuju"",""Setuju"", ""Sangat Setuju""], ""harapan"":[""Tidak Mengetahui"",""Sangat Tidak Penting"",""Tidak Penting"",""Penting"",""Sangat Penting""]}"
YES,Skala 0-4,Y-D1.2,Responsiveness,Daya Tanggap (Responsiveness): Kesediaan staf atau karyawan untuk membantu pelanggan dan memberikan layanan dengan cepat,Peran Mentor,Mentor menjelaskan materi dengan jelas dan mudah dipahami,"{""kenyataan"": [""Tidak Mengetahui"",""Sangat Tidak Setuju"",""Tidak Setuju"",""Setuju"", ""Sangat Setuju""], ""harapan"":[""Tidak Mengetahui"",""Sangat Tidak Penting"",""Tidak Penting"",""Penting"",""Sangat Penting""]}"
YES,Skala 0-4,Y-D1.3,Responsiveness,Daya Tanggap (Responsiveness): Kesediaan staf atau karyawan untuk membantu pelanggan dan memberikan layanan dengan cepat,Peran Mentor,Mentor memahami kondisi pribadi saya,"{""kenyataan"": [""Tidak Mengetahui"",""Sangat Tidak Setuju"",""Tidak Setuju"",""Setuju"", ""Sangat Setuju""], ""harapan"":[""Tidak Mengetahui"",""Sangat Tidak Penting"",""Tidak Penting"",""Penting"",""Sangat Penting""]}"
YES,Skala 0-4,Y-D1.4,Responsiveness,Daya Tanggap (Responsiveness): Kesediaan staf atau karyawan untuk membantu pelanggan dan memberikan layanan dengan cepat,Peran Mentor,Mentor membantu saya mengambil keputusan penting,"{""kenyataan"": [""Tidak Mengetahui"",""Sangat Tidak Setuju"",""Tidak Setuju"",""Setuju"", ""Sangat Setuju""], ""harapan"":[""Tidak Mengetahui"",""Sangat Tidak Penting"",""Tidak Penting"",""Penting"",""Sangat Penting""]}"
YES,Skala 0-4,Y-D1.5,Responsiveness,Daya Tanggap (Responsiveness): Kesediaan staf atau karyawan untuk membantu pelanggan dan memberikan layanan dengan cepat,Peran Mentor,Saya merasa nyaman dan aman untuk bercerita kepada mentor,"{""kenyataan"": [""Tidak Mengetahui"",""Sangat Tidak Setuju"",""Tidak Setuju"",""Setuju"", ""Sangat Setuju""], ""harapan"":[""Tidak Mengetahui"",""Sangat Tidak Penting"",""Tidak Penting"",""Penting"",""Sangat Penting""]}"
YES,Skala 0-4,Y-D1.6,Responsiveness,Daya Tanggap (Responsiveness): Kesediaan staf atau karyawan untuk membantu pelanggan dan memberikan layanan dengan cepat,Peran Mentor,Mentor aktif memantau perkembangan saya,"{""kenyataan"": [""Tidak Mengetahui"",""Sangat Tidak Setuju"",""Tidak Setuju"",""Setuju"", ""Sangat Setuju""], ""harapan"":[""Tidak Mengetahui"",""Sangat Tidak Penting"",""Tidak Penting"",""Penting"",""Sangat Penting""]}"
YES,Skala 0-4,Y-A1.1,Assurance,"Jaminan (Assurance): Pengetahuan, kesopanan, dan kemampuan petugas dalam menumbuhkan rasa percaya dan aman bagi pelanggan",Perubahan Diri Kesiapan Masuk PTN,Saya memiliki peluang lebih besar untuk masuk PTN,"{""kenyataan"": [""Tidak Mengetahui"",""Sangat Tidak Setuju"",""Tidak Setuju"",""Setuju"", ""Sangat Setuju""], ""harapan"":[""Tidak Mengetahui"",""Sangat Tidak Penting"",""Tidak Penting"",""Penting"",""Sangat Penting""]}"
YES,Skala 0-4,Y-A1.2,Assurance,"Jaminan (Assurance): Pengetahuan, kesopanan, dan kemampuan petugas dalam menumbuhkan rasa percaya dan aman bagi pelanggan",Perubahan Diri Kesiapan Masuk PTN,Saya lebih percaya diri mengikuti seleksi PTN,"{""kenyataan"": [""Tidak Mengetahui"",""Sangat Tidak Setuju"",""Tidak Setuju"",""Setuju"", ""Sangat Setuju""], ""harapan"":[""Tidak Mengetahui"",""Sangat Tidak Penting"",""Tidak Penting"",""Penting"",""Sangat Penting""]}"
YES,Skala 0-4,Y-A1.3,Assurance,"Jaminan (Assurance): Pengetahuan, kesopanan, dan kemampuan petugas dalam menumbuhkan rasa percaya dan aman bagi pelanggan",Perubahan Diri Kesiapan Masuk PTN,Saya memiliki strategi belajar yang lebih jelas,"{""kenyataan"": [""Tidak Mengetahui"",""Sangat Tidak Setuju"",""Tidak Setuju"",""Setuju"", ""Sangat Setuju""], ""harapan"":[""Tidak Mengetahui"",""Sangat Tidak Penting"",""Tidak Penting"",""Penting"",""Sangat Penting""]}"
YES,Skala 0-4,Y-A2.1,Assurance,"Jaminan (Assurance): Pengetahuan, kesopanan, dan kemampuan petugas dalam menumbuhkan rasa percaya dan aman bagi pelanggan",Perubahan Diri Kesiapan Akademik,Kemampuan akademik saya meningkat,"{""kenyataan"": [""Tidak Mengetahui"",""Sangat Tidak Setuju"",""Tidak Setuju"",""Setuju"", ""Sangat Setuju""], ""harapan"":[""Tidak Mengetahui"",""Sangat Tidak Penting"",""Tidak Penting"",""Penting"",""Sangat Penting""]}"
YES,Skala 0-4,Y-A2.2,Assurance,"Jaminan (Assurance): Pengetahuan, kesopanan, dan kemampuan petugas dalam menumbuhkan rasa percaya dan aman bagi pelanggan",Perubahan Diri Kesiapan Akademik,Saya lebih disiplin dalam belajar,"{""kenyataan"": [""Tidak Mengetahui"",""Sangat Tidak Setuju"",""Tidak Setuju"",""Setuju"", ""Sangat Setuju""], ""harapan"":[""Tidak Mengetahui"",""Sangat Tidak Penting"",""Tidak Penting"",""Penting"",""Sangat Penting""]}"
YES,Skala 0-4,Y-A2.3,Assurance,"Jaminan (Assurance): Pengetahuan, kesopanan, dan kemampuan petugas dalam menumbuhkan rasa percaya dan aman bagi pelanggan",Perubahan Diri Kesiapan Akademik,Saya memahami kelemahan dan cara memperbaikinya,"{""kenyataan"": [""Tidak Mengetahui"",""Sangat Tidak Setuju"",""Tidak Setuju"",""Setuju"", ""Sangat Setuju""], ""harapan"":[""Tidak Mengetahui"",""Sangat Tidak Penting"",""Tidak Penting"",""Penting"",""Sangat Penting""]}"
YES,Skala 0-4,Y-A3.1,Assurance,"Jaminan (Assurance): Pengetahuan, kesopanan, dan kemampuan petugas dalam menumbuhkan rasa percaya dan aman bagi pelanggan",Perubahan Diri Kesiapan Personal,Saya lebih percaya diri terhadap masa depan,"{""kenyataan"": [""Tidak Mengetahui"",""Sangat Tidak Setuju"",""Tidak Setuju"",""Setuju"", ""Sangat Setuju""], ""harapan"":[""Tidak Mengetahui"",""Sangat Tidak Penting"",""Tidak Penting"",""Penting"",""Sangat Penting""]}"
YES,Skala 0-4,Y-A3.2,Assurance,"Jaminan (Assurance): Pengetahuan, kesopanan, dan kemampuan petugas dalam menumbuhkan rasa percaya dan aman bagi pelanggan",Perubahan Diri Kesiapan Personal,Saya memiliki tujuan hidup yang lebih jelas,"{""kenyataan"": [""Tidak Mengetahui"",""Sangat Tidak Setuju"",""Tidak Setuju"",""Setuju"", ""Sangat Setuju""], ""harapan"":[""Tidak Mengetahui"",""Sangat Tidak Penting"",""Tidak Penting"",""Penting"",""Sangat Penting""]}"
YES,Skala 0-4,Y-A3.3,Assurance,"Jaminan (Assurance): Pengetahuan, kesopanan, dan kemampuan petugas dalam menumbuhkan rasa percaya dan aman bagi pelanggan",Perubahan Diri Kesiapan Personal,Saya lebih siap hidup mandiri,"{""kenyataan"": [""Tidak Mengetahui"",""Sangat Tidak Setuju"",""Tidak Setuju"",""Setuju"", ""Sangat Setuju""], ""harapan"":[""Tidak Mengetahui"",""Sangat Tidak Penting"",""Tidak Penting"",""Penting"",""Sangat Penting""]}"
YES,Skala 0-4,Y-A4.1,Assurance,"Jaminan (Assurance): Pengetahuan, kesopanan, dan kemampuan petugas dalam menumbuhkan rasa percaya dan aman bagi pelanggan",Perubahan Diri Karakter & Spriritualitas,Saya lebih konsisten dalam ibadah,"{""kenyataan"": [""Tidak Mengetahui"",""Sangat Tidak Setuju"",""Tidak Setuju"",""Setuju"", ""Sangat Setuju""], ""harapan"":[""Tidak Mengetahui"",""Sangat Tidak Penting"",""Tidak Penting"",""Penting"",""Sangat Penting""]}"
YES,Skala 0-4,Y-A4.2,Assurance,"Jaminan (Assurance): Pengetahuan, kesopanan, dan kemampuan petugas dalam menumbuhkan rasa percaya dan aman bagi pelanggan",Perubahan Diri Karakter & Spriritualitas,Saya mengalami perubahan akhlak ke arah yang lebih baik ,"{""kenyataan"": [""Tidak Mengetahui"",""Sangat Tidak Setuju"",""Tidak Setuju"",""Setuju"", ""Sangat Setuju""], ""harapan"":[""Tidak Mengetahui"",""Sangat Tidak Penting"",""Tidak Penting"",""Penting"",""Sangat Penting""]}"
YES,Skala 0-4,Y-A4.3,Assurance,"Jaminan (Assurance): Pengetahuan, kesopanan, dan kemampuan petugas dalam menumbuhkan rasa percaya dan aman bagi pelanggan",Perubahan Diri Karakter & Spriritualitas,Saya lebih mampu mengontrol diri,"{""kenyataan"": [""Tidak Mengetahui"",""Sangat Tidak Setuju"",""Tidak Setuju"",""Setuju"", ""Sangat Setuju""], ""harapan"":[""Tidak Mengetahui"",""Sangat Tidak Penting"",""Tidak Penting"",""Penting"",""Sangat Penting""]}"
YES,Skala 0-4,Y-A5.1,Assurance,"Jaminan (Assurance): Pengetahuan, kesopanan, dan kemampuan petugas dalam menumbuhkan rasa percaya dan aman bagi pelanggan",Perubahan Diri Kepuasan,Perubahan yang saya rasakan terjadi karena program YES,"{""kenyataan"": [""Tidak Mengetahui"",""Sangat Tidak Setuju"",""Tidak Setuju"",""Setuju"", ""Sangat Setuju""], ""harapan"":[""Tidak Mengetahui"",""Sangat Tidak Penting"",""Tidak Penting"",""Penting"",""Sangat Penting""]}"
YES,Skala 0-4,Y-A5.2,Assurance,"Jaminan (Assurance): Pengetahuan, kesopanan, dan kemampuan petugas dalam menumbuhkan rasa percaya dan aman bagi pelanggan",Perubahan Diri Kepuasan,Program YES berperan penting dalam perkembangan saya,"{""kenyataan"": [""Tidak Mengetahui"",""Sangat Tidak Setuju"",""Tidak Setuju"",""Setuju"", ""Sangat Setuju""], ""harapan"":[""Tidak Mengetahui"",""Sangat Tidak Penting"",""Tidak Penting"",""Penting"",""Sangat Penting""]}"
YES,Skala 0-4,Y-A5.3,Assurance,"Jaminan (Assurance): Pengetahuan, kesopanan, dan kemampuan petugas dalam menumbuhkan rasa percaya dan aman bagi pelanggan",Perubahan Diri Kepuasan,"Secara keseluruhan, saya puas dengan program YES ","{""kenyataan"": [""Tidak Mengetahui"",""Sangat Tidak Setuju"",""Tidak Setuju"",""Setuju"", ""Sangat Setuju""], ""harapan"":[""Tidak Mengetahui"",""Sangat Tidak Penting"",""Tidak Penting"",""Penting"",""Sangat Penting""]}"
YES,Skala 0-4,Y-E1.1,Empathy,Empati (Empathy): Sikap peduli dan memberikan perhatian secara personal kepada setiap pelanggan,Bimbingan Individu,Saya membutuhkan bimbingan individu,"{""kenyataan"": [""Tidak Mengetahui"",""Sangat Tidak Setuju"",""Tidak Setuju"",""Setuju"", ""Sangat Setuju""], ""harapan"":[""Tidak Mengetahui"",""Sangat Tidak Penting"",""Tidak Penting"",""Penting"",""Sangat Penting""]}"
YES,Skala 0-4,Y-E1.2,Empathy,Empati (Empathy): Sikap peduli dan memberikan perhatian secara personal kepada setiap pelanggan,Bimbingan Individu,Bimbingan individu membantu menyelesaikan masalah saya,"{""kenyataan"": [""Tidak Mengetahui"",""Sangat Tidak Setuju"",""Tidak Setuju"",""Setuju"", ""Sangat Setuju""], ""harapan"":[""Tidak Mengetahui"",""Sangat Tidak Penting"",""Tidak Penting"",""Penting"",""Sangat Penting""]}"
YES,Skala 0-4,Y-E1.3,Empathy,Empati (Empathy): Sikap peduli dan memberikan perhatian secara personal kepada setiap pelanggan,Bimbingan Individu,Kerahasiaan saya terjaga dengan baik,"{""kenyataan"": [""Tidak Mengetahui"",""Sangat Tidak Setuju"",""Tidak Setuju"",""Setuju"", ""Sangat Setuju""], ""harapan"":[""Tidak Mengetahui"",""Sangat Tidak Penting"",""Tidak Penting"",""Penting"",""Sangat Penting""]}"
YES,Skala 0-4,Y-E2.1,Empathy,Empati (Empathy): Sikap peduli dan memberikan perhatian secara personal kepada setiap pelanggan,Home Visit,Membantu membangun kedekatan dengan mentor,"{""kenyataan"": [""Tidak Mengetahui"",""Sangat Tidak Setuju"",""Tidak Setuju"",""Setuju"", ""Sangat Setuju""], ""harapan"":[""Tidak Mengetahui"",""Sangat Tidak Penting"",""Tidak Penting"",""Penting"",""Sangat Penting""]}"
YES,Skala 0-4,Y-E2.2,Empathy,Empati (Empathy): Sikap peduli dan memberikan perhatian secara personal kepada setiap pelanggan,Home Visit,Membantu komunikasi dengan orang tua,"{""kenyataan"": [""Tidak Mengetahui"",""Sangat Tidak Setuju"",""Tidak Setuju"",""Setuju"", ""Sangat Setuju""], ""harapan"":[""Tidak Mengetahui"",""Sangat Tidak Penting"",""Tidak Penting"",""Penting"",""Sangat Penting""]}"
YES,Skala 0-4,Y-E2.3,Empathy,Empati (Empathy): Sikap peduli dan memberikan perhatian secara personal kepada setiap pelanggan,Home Visit,Membantu menyelesaikan masalah saya,"{""kenyataan"": [""Tidak Mengetahui"",""Sangat Tidak Setuju"",""Tidak Setuju"",""Setuju"", ""Sangat Setuju""], ""harapan"":[""Tidak Mengetahui"",""Sangat Tidak Penting"",""Tidak Penting"",""Penting"",""Sangat Penting""]}"
YES,Skala 0-4,Y-E3.1,Empathy,Empati (Empathy): Sikap peduli dan memberikan perhatian secara personal kepada setiap pelanggan,Jurnal Ekselensia,Membantu saya mengontrol ibadah dan aktivitas,"{""kenyataan"": [""Tidak Mengetahui"",""Sangat Tidak Setuju"",""Tidak Setuju"",""Setuju"", ""Sangat Setuju""], ""harapan"":[""Tidak Mengetahui"",""Sangat Tidak Penting"",""Tidak Penting"",""Penting"",""Sangat Penting""]}"
YES,Skala 0-4,Y-E3.2,Empathy,Empati (Empathy): Sikap peduli dan memberikan perhatian secara personal kepada setiap pelanggan,Jurnal Ekselensia,Mudah digunakan,"{""kenyataan"": [""Tidak Mengetahui"",""Sangat Tidak Setuju"",""Tidak Setuju"",""Setuju"", ""Sangat Setuju""], ""harapan"":[""Tidak Mengetahui"",""Sangat Tidak Penting"",""Tidak Penting"",""Penting"",""Sangat Penting""]}"
YES,Esai,Y-S1.1,,,,Apa perubahan terbesar dalam diri kamu sejak mengikuti YES?,
YES,Esai,Y-S1.2,,,,Ceritakan satu pengalaman paling berkesan selama program!,
YES,Multiselect,Y-S1.3,,,,Kegiatan apa yang paling kamu sukai (boleh isi lebih dari satu)?,"{""opsi"": [""Ekselensia Camp"", ""Campus Preparation"", ""Quranic Mentorship"",""TalentHub Class""]}"
YES,Esai,Y-S1.4,,,,Jelaskan mengapa kamu menyukai kegiatan tersebut!,
YES,Multiselect,Y-S1.5,,,,Program apa yang paling sulit kamu ikuti?,"{""opsi"": [""Ekselensia Camp"", ""Campus Preparation"", ""Quranic Mentorship"",""TalentHub Class""]}"
YES,Esai,Y-S1.6,,,,Jelaskan mengapa kamu merasa sulit pada program tersebut!,
YES,Esai,Y-S1.7,,,,"Jika program YES tidak ada, menurutmu apa yang akan terjadi pada dirimu sekarang?",
YES,Esai,Y-S1.8,,,,Apa yang harus diperbaiki dari program ini?,
YES,Esai,Y-S1.9,,,,Pesan untuk mentor,
YES,Esai,Y-S1.10,,,,Pesan untuk pengelola program,
